title,company_name,location,via,share_link,extensions,detected_extensions,source_link,job_title,description,apply_options,job_id,thumbnail
Entry Level Marketing and Event Assistant with Food and Beverage Experience,Dice Guys LLC,"Colorado Springs, CO",Indeed,"https://www.google.com/search?ibp=htl;jobs&q=Entry+Level&htidocid=aTvhvtRpvkD-7fflAAAAAA%3D%3D&hl=en-US&shem=epsd1,rimspwouoe&shndl=37&shmd=H4sIAAAAAAAA_x2OsU7DQBBERZtPoJqGBoGNItFAlTgmUmSUIh8Qne3V-cixe7rdBOcP81kcNKORRu9pFre7Rd-y5Ss6ulDEp8snssAejke0F2LDSjWoudJ-gk34EBn_13UhsvOEdk6UA_FAeMZOeii5PEwQxlbER7p_n8ySvtW1aqx8kVkYqkG-a2HqZa6_pNe_OOrkMqXojI7L15e5SuwfHzahmLfnq6LrGgRGI1GyGwWHlMtXfUKz_wUKQrdnywAAAA&shmds=v1_ARwrE23OlJ1-uWLP0G9x_wG69VkvXs6O7Aifn5s94L7XUIwBzQ&source=sh/x/job/li/m1/1#fpstate=tldetail&htivrt=jobs&htiq=Entry+Level&htidocid=aTvhvtRpvkD-7fflAAAAAA%3D%3D","['15 hours ago', '15–18 an hour', 'Full-time and Part-time', 'No degree mentioned', 'Paid time off']","{'posted_at': '15 hours ago', 'salary': '15–18 an hour', 'schedule_type': 'Full-time and Part-time', 'qualifications': 'No degree mentioned'}",https://www.indeed.com/viewjob?jk=87d2fd029584d658,Entry Level Marketing and Event Assistant with Food and Beverage Experience,"Overview

  The Dice Guys Brands consists of retail, food and beverage, and marketing services.


Energize your career by joining our dynamic team as an Entry Level Marketing and Event Assistant! This vibrant role offers a fantastic opportunity to learn about the world of digital marketing, while serving food/beverage front of house patrons.


Duties



 Assist in the planning and execution of various events, including promotional campaigns, corporate gatherings, and community outreach initiatives
 Support event setup and breakdown, ensuring all logistics are seamlessly managed from catering to venue arrangements
 Serving ice cream, making espresso based drinks, and other miscellaneous food/beverage related tasks.
 Keeping workspace and service areas tidy and clean.
 Contribute to marketing efforts by creating engaging content for social media platforms and promotional materials
 Misc Food and Beverage Related tasks including but not limited to: serve and prepare espresso drinks, ice cream, pastries to customers.

Requirements



 Strong communication skills with the ability to interact confidently with clients, vendors, and team members
 Excellent organizational skills to manage multiple tasks efficiently in a fast-paced setting
 Basic knowledge of marketing principles and event marketing strategies
 Experience in customer service or guest relations to ensure positive attendee experiences
 Ability to handle negotiations with vendors or partners effectively
 Basic food safety understanding
 Time management skills to meet deadlines and coordinate various aspects of event planning smoothly
 Familiarity with budgeting processes and contract management is advantageous
 A proactive attitude with enthusiasm for learning about event planning, fundraising activities, and hospitality operations
 The rest we will teach you!

Join us as an Entry Level Marketing with Food and Beverage Service where your energy fuels memorable experiences! This paid role offers invaluable exposure to the essentials of event management while fostering your professional development in a lively environment. We’re dedicated to supporting your growth every step of the way—apply now to start making an impact!


Pay: $15.00 - $18.00 per hour


Benefits:



 Paid time off

Work Location: In person","[{'title': 'Indeed', 'link': 'https://www.indeed.com/viewjob?jk=87d2fd029584d658&utm_campaign=google_jobs_apply&utm_source=google_jobs_apply&utm_medium=organic'}, {'title': 'SimplyHired', 'link': 'https://www.simplyhired.com/job/dKmdGJyv66WLUq80ooAMlwMmsmehpOAIsD_dzqAb7t5WnQKkzYaYxQ?utm_campaign=google_jobs_apply&utm_source=google_jobs_apply&utm_medium=organic'}]",eyJqb2JfdGl0bGUiOiJFbnRyeSBMZXZlbCBNYXJrZXRpbmcgYW5kIEV2ZW50IEFzc2lzdGFudCB3aXRoIEZvb2QgYW5kIEJldmVyYWdlIEV4cGVyaWVuY2UiLCJjb21wYW55X25hbWUiOiJEaWNlIEd1eXMgTExDIiwiaHRpZG9jaWQiOiJhVHZodnRScHZrRC03ZmZsQUFBQUFBPT0iLCJ1dWxlIjoidytDQUlRSUNJTlZXNXBkR1ZrSUZOMFlYUmxjdyIsImdsIjoidXMiLCJobCI6ImVuIiwiZmMiOiJFc3dCQ293QlFVcHBWRFIwU1Y5UlFrNTRkVlpqYlVKMVJFRmFjMGMyTm05a2QxQlNSVFJwY0hoVlNXdFlRVEJTYkdSZk9FdFNaa1JSV25kTlZHaE1hQzFpV1ZOUFdtcEZNR3hrYkVkdVJXdENOek5CTVZGRFdteDBRM0owWmtGS1ZGSkJkRXN6TFhoRVUyUldRMHAxWVc1UWFraEJkRGRWYUU1dWJFMVlZV0ZzVFZsWVZIQTJjRGRvUWtoUFoxaERhR29TRjJzeU5EbGhkRk4yVG5CbFNuQjBVVkJuU2t4MVowRkZHaUpCUkhOeU9XWlVaWGxrUlZKaFNXeHVhVmhwYkd4Q01XUTBNbEkwZUVkcGEyUkIiLCJmY3YiOiIzIiwiZmNfaWQiOiJhVHZodnRScHZrRC03ZmZsQUFBQUFBPT0ifQ==,
CHILD AND YOUTH PROGRAM ASSISTANT (ENTRY LEVEL),FE Warren Child Development Center,"Francis E. Warren AFB, WY",USAJobs,"https://www.google.com/search?ibp=htl;jobs&q=Entry+Level&htidocid=4mfXk7JuE_68VgHYAAAAAA%3D%3D&hl=en-US&shem=epsd1,rimspwouoe&shndl=37&shmd=H4sIAAAAAAAA_zXKvW7CMBQGUHXlEZi-saCSICSWMiCTOPwoDShJQZmQE66SVMY3sq2KJ-S52g5dznRGz5dREu32aQyRxaiOn-UOp_y4zcUHRFHsi1JkJV5lVuYVUnmW6QQzHLiGI2WbDmywZW41jVed94N7D0PndNA6r3zfBA3fQzZU8yP84tr9cXWdsjRo5em6WM4fwWDa6TqRuChrySDqen1DTN-kebiT8Yh-IYveILHKNL2DDP63SDZvuFQ_XFngmMkAAAA&shmds=v1_ARwrE23hXWgEpjbUU2XMdosWchphoTuHyaGTFBECni_-hyE2rA&source=sh/x/job/li/m1/1#fpstate=tldetail&htivrt=jobs&htiq=Entry+Level&htidocid=4mfXk7JuE_68VgHYAAAAAA%3D%3D","['18.70 an hour', 'Full-time']","{'salary': '18.70 an hour', 'schedule_type': 'Full-time'}",https://www.usajobs.gov/job/865384900,CHILD AND YOUTH PROGRAM ASSISTANT (ENTRY LEVEL),"This position is located at the Child and Development Center on F.E. Warren AFB, WY. This position is considered Flexible, guaranteed 0 hrs, but has potential to work up to 40 hrs per week. Not eligible for leave/benefits.



Employee Child Care Discount and Referral & Recruitment Incentive Awards are applicable to this position (see Add. Info.)



Pay will be set based on experience and education and/or certification:

Entry Level: $ 18.70

Intermediate Level: $ 20.35

Target Level: $ 21.76","[{'title': 'USAJobs', 'link': 'https://www.usajobs.gov/job/865384900?utm_campaign=google_jobs_apply&utm_source=google_jobs_apply&utm_medium=organic'}, {'title': 'LinkedIn', 'link': 'https://www.linkedin.com/jobs/view/child-and-youth-program-assistant-entry-level-mvo-at-air-force-global-strike-command-4420940083?utm_campaign=google_jobs_apply&utm_source=google_jobs_apply&utm_medium=organic'}, {'title': 'Federal Government Jobs', 'link': 'https://federalgovernmentjobs.us/jobs/CHILD-AND-YOUTH-PROGRAM-ASSISTANT-ENTRY-LEVEL-865384900.html?utm_campaign=google_jobs_apply&utm_source=google_jobs_apply&utm_medium=organic'}, {'title': 'US Federal Government Jobs', 'link': 'https://us.freejobalert.com/job/child-youth-program-assistant-entry-level-air-force-global-strike-command-warren-afb-wyoming-zfsy265848?utm_campaign=google_jobs_apply&utm_source=google_jobs_apply&utm_medium=organic'}]",eyJqb2JfdGl0bGUiOiJDSElMRCBBTkQgWU9VVEggUFJPR1JBTSBBU1NJU1RBTlQgKEVOVFJZIExFVkVMKSIsImNvbXBhbnlfbmFtZSI6IkZFIFdhcnJlbiBDaGlsZCBEZXZlbG9wbWVudCBDZW50ZXIiLCJodGlkb2NpZCI6IjRtZlhrN0p1RV82OFZnSFlBQUFBQUE9PSIsInV1bGUiOiJ3K0NBSVFJQ0lOVlc1cGRHVmtJRk4wWVhSbGN3IiwiZ2wiOiJ1cyIsImhsIjoiZW4iLCJmYyI6IkVzd0JDb3dCUVVwcFZEUjBTVlkwT1c5RGVUVmZkVXREVWxGMVVsSkdkRWxNUVVGM1RrNTVOVlF5YUdGU2MxVlljVTlpYUdoTk1WSklUM0Z2VVhBMWNtUnZWVWxsZFZwUWJUQktUMnAyVVdVNVJWQnZXSGhFVXpSdFMzSmFkVkJ5Y1VWTk5IRXpUMVpYVG1Ga1dUTkhNM3B6TVdkR1NXVndORlJmV0VwdGRIaGliWGd0TTNCVVFWUTNPRkJzVkVKUFkzUVNGMnN5TkRsaGRGTjJUbkJsU25CMFVWQm5Ta3gxWjBGRkdpSkJSSE55T1daVVpscFNSVlo2TVVWMGJVRkxWMVl4YjNCVVkwWTVVSFkyTjNKQiIsImZjdiI6IjMiLCJmY19pZCI6IjRtZlhrN0p1RV82OFZnSFlBQUFBQUE9PSJ9,
Border Patrol Agent - Entry Level,Leoforce,"Cripple Creek, CO",Indeed,"https://www.google.com/search?ibp=htl;jobs&q=Entry+Level&htidocid=5Z4TXlBJpDj6z3woAAAAAA%3D%3D&hl=en-US&shem=epsd1,rimspwouoe&shndl=37&shmd=H4sIAAAAAAAA_xXHQQrCMBBGYdz2CIIwa9FGBEF0pUUEKegNJI2_aTVmwmSQehHPa928j1d8R8V6z3KD0MWqcKCdR1Sa0yGqfKjGG2G4EzeUYcW1xJGOzD5gvG1VU94Yk3MofVarnSsdvwxHNNybBzf5n2turSAFq7guV4u-TNFPJzX4zuJAXaRKupQCBoHnjKrzD1PfjYKZAAAA&shmds=v1_ARwrE23_AzLA3veUdss7jhff96xSak4hSN4ScFH7_TnNHzdDbA&source=sh/x/job/li/m1/1#fpstate=tldetail&htivrt=jobs&htiq=Entry+Level&htidocid=5Z4TXlBJpDj6z3woAAAAAA%3D%3D","['1 day ago', '51,632–92,219 a year', 'Full-time', 'Dental insurance', 'Health insurance']","{'posted_at': '1 day ago', 'salary': '51,632–92,219 a year', 'schedule_type': 'Full-time'}",https://www.indeed.com/viewjob?jk=518ed5fe76d2582e,Border Patrol Agent - Entry Level,"Border Patrol Agent


 

    Location: Various U.S. Border Patrol Duty Stations (Relocation May Be Required)


 

    Job Type: Full-Time | Federal Law Enforcement Career


 

    Job Summary:


 

   The U.S. Border Patrol (USBP) is seeking entry-level candidates to join as Border Patrol Agents (GL-5). This position is designed for individuals beginning a federal law enforcement career who want to help protect the nation’s borders. Agents detect and prevent illegal entry, smuggling activities, and other violations of immigration and customs laws while safeguarding the public. This role offers professional training, career advancement opportunities, and competitive federal benefits.


 

    Qualifications –


 

   Candidates qualify if they meet one of the following:


 

    Experience: One year of general work experience demonstrating decision-making ability, leadership, sound judgment, and the ability to remain calm under pressure.


 

    Education: A bachelor’s degree from an accredited college or university in any field.


 

    Combination: A combination of general work experience and college education.


 

    Citizenship: You must be a U.S. Citizen to apply for this position.


 

    Residency: You must have had primary U.S. residency (includes protectorates as declared under international law) for at least three of the last five years.


 

    Age Restriction: In accordance with Public Law 100-238, this position is covered under law enforcement retirement provisions. Candidates must be referred for selection to the Border Patrol Agent position before reaching their 40th birthday in accordance with Department of Homeland Security Directive 251-03. The age restriction may not apply if you are currently serving or have previously served in a federal civilian law enforcement (non-military) position covered by Title 5 U.S.C. 8336(c) or Title 5 U.S.C. 8412(d).


 

    Veterans’ Preference: You may also be eligible for an excepted service Veterans Recruitment Appointment (VRA). The age restriction does not apply if you are Veterans' Preference eligible.


 

    Salary and Benefits


 

   Annual base salary for newly appointed BPAs varies per grade, as follows: $51,632 - $92,219 per year. Border Patrol Agents are eligible to select from an array of federal employment benefits that include health, dental and other insurance plans, a generous annual and sick leave program, and participation in the Thrift Savings Plan, a retirement plan akin to a traditional ROTH 401(k) offering. USBP is offering up to $60,000 in additional incentives (see details below).","[{'title': 'Indeed', 'link': 'https://www.indeed.com/viewjob?jk=518ed5fe76d2582e&utm_campaign=google_jobs_apply&utm_source=google_jobs_apply&utm_medium=organic'}, {'title': 'SimplyHired', 'link': 'https://www.simplyhired.com/job/DrGurdVgZEFU_KShKAEfZM-6dHBxNc5sZEY5aAynbt35RUtZfVNvQA?utm_campaign=google_jobs_apply&utm_source=google_jobs_apply&utm_medium=organic'}]",eyJqb2JfdGl0bGUiOiJCb3JkZXIgUGF0cm9sIEFnZW50IC0gRW50cnkgTGV2ZWwiLCJjb21wYW55X25hbWUiOiJMZW9mb3JjZSIsImh0aWRvY2lkIjoiNVo0VFhsQkpwRGo2ejN3b0FBQUFBQT09IiwidXVsZSI6IncrQ0FJUUlDSU5WVzVwZEdWa0lGTjBZWFJsY3ciLCJnbCI6InVzIiwiaGwiOiJlbiIsImZjIjoiRXN3QkNvd0JRVXBwVkRSMFMwSkhaemQyTlRsb2RFUnljVGhNYTI1aGVUWkhkamxpYlVKM1QxUklTbmc0YkdkQlpUWnVXbFpXWWxadFFWQXpSRFJtZG1kQ1VHeDVWbVJDVldWalN6YzRZMlZpTVhKYVVWcDBPRXB1TjJGVWNsaGxZbTAwZERRMFdFRkJSa2RNWkRsRlMzVTFWaloxWm5OVE1rcHBNV2t3VlhBeFZHbzJVazFFYWsxRFlXWkdWa3BOYWtnU0Yyc3lORGxoZEZOMlRuQmxTbkIwVVZCblNreDFaMEZGR2lKQlJITnlPV1pVTlRkVVlVNVVUVTVIZGxSclowcEZjVTFIZDFVeWJHRmlWMFJSIiwiZmN2IjoiMyIsImZjX2lkIjoiNVo0VFhsQkpwRGo2ejN3b0FBQUFBQT09In0=,https://serpapi.com/searches/6a3d6e93f680d1a37c7c3860/images/2LmlY9IAzGWdwnNzjZgyl_6U5Wj6YM0E1-omXQ6BQpU.jpeg
Entry-Level Machine Operator,Aerotek,"Monument, CO",Aerotek Jobs,"https://www.google.com/search?ibp=htl;jobs&q=Entry+Level&htidocid=Wn6yHuk3bcFv-y-lAAAAAA%3D%3D&hl=en-US&shem=epsd1,rimspwouoe&shndl=37&shmd=H4sIAAAAAAAA_xXEQQrCMBAAQLz2A4KnPYttRPGiJxERxNInlDQsSWq6G7Kr1Df4aXEOU30X1f5KWj71A9-YoLUuRELoMharXKCGOw8gaIsLwAQ3Zp9wdQqqWY7GiKTGi1qNrnE8GSYceDYjD_Kvl2AL5mQV-91hOzeZ_Hp5xsKKT4gELdNrQtINXLofyCap_44AAAA&shmds=v1_ARwrE21Cq9_FzNJfnAWF_1OvjypTOZxrdfa-oWYpu2DgKBbT3g&source=sh/x/job/li/m1/1#fpstate=tldetail&htivrt=jobs&htiq=Entry+Level&htidocid=Wn6yHuk3bcFv-y-lAAAAAA%3D%3D","['4 days ago', '17.00–19.55 an hour', 'Contractor', 'No degree mentioned', 'Paid time off', 'Health insurance', 'Dental insurance']","{'posted_at': '4 days ago', 'salary': '17.00–19.55 an hour', 'schedule_type': 'Contractor', 'qualifications': 'No degree mentioned'}",https://jobs.aerotek.com/ca/fr/job/JP-006108819/Entry-Level-Machine-Operator,Entry-Level Machine Operator,"Machine Operator – Medical Device

Location: Monument, CO

About the Role

We are hiring dependable and detail-oriented Packagers / Machine Operators to join a renowned medical device manufacturing company in Monument, CO. In this role, you will operate production and packaging equipment to create high-quality medical nails and screws used in life-improving procedures. This is an excellent entry-level opportunity for individuals looking to develop long-term skills and grow within the medical device industry.

Shifts & Pay

1st shift: start between 5:15 a.m. – 6:00 a.m.; end between 1:45 p.m. – 2:30 p.m. ($17/hr)2nd shift: start between 1:15 p.m. – 2:00 p.m.; end between 9:45 p.m. – 10:30 p.m. ($17/hr +10% shift differential)3rd shift: start between 9:15 p.m. – 10:00 p.m.; end between 5:45 a.m. – 6:30 a.m. ($17/hr + 15% shift differential)Key Responsibilities

Operate manufacturing machines used in the production of medical nails and screwsLoad metal rods into machinery; perform lifting, bending, and standing tasksPackage finished medical devices within an ISO 8/9 cleanroomOperate packaging and labeling equipmentPerform routine quality inspections to ensure products meet required specificationsFollow all cleanroom, safety, and quality control proceduresWhat We’re Looking For

General production or manufacturing experience preferred, but not requiredAbility to work effectively in a cleanroom environmentStrong attention to detailAbility to stand throughout 8-hour shiftBasic computer skillsWhy Join Our Team?

Clean, safe, team-oriented environmentStrong safety culture with incentive programsLarge facility with indoor cafeteria and outdoor picnic areasWeekly payComprehensive benefits packageJob Type & Location

This is a Contract position based out of Monument, CO.

Pay and BenefitsThe pay range for this position is $17.00 - $19.55/hr.

Eligibility requirements apply to some benefits and may depend on your job
            classification and length of employment. Benefits are subject to change and may be
            subject to specific elections, plan, or program terms. If eligible, the benefits
            available for this temporary role may include the following:

            
•  Medical, dental & vision
            
•  Critical Illness, Accident, and Hospital
            
•  401(k) Retirement Plan – Pre-tax and Roth post-tax contributions available
            
•  Life Insurance (Voluntary Life & AD&D for the employee and dependents)
            
•  Short and long-term disability
            
•  Health Spending Account (HSA)
            
•  Transportation benefits
            
•  Employee Assistance Program
            
•  Time Off/Leave (PTO, Vacation or Sick Leave)

Workplace TypeThis is a fully onsite position in Monument,CO.

Application DeadlineThis position is anticipated to close on Jul 6, 2026.

 


         


 About Aerotek

Aerotek® Inc. provides staffing and services solutions in manufacturing, logistics, construction, aviation, facilities and maintenance. We provide the expertise, solutions and people required to rise to the challenges of North American industry. Headquartered in Hanover, Md., Aerotek operates a unified network of over 200 offices across North America, supporting more than 18,000 clients each year. Aerotek is an Allegis Group company, the global leader in workforce and business solutions. To learn more, visit: Aerotek.com | 1-888-AEROTEK.

 
 
Aerotek offers weekly pay, employee benefits including medical, dental & vision, life insurance, health advocacy and employee assistance programs, a 401(k) plan, and employee discounts.


 
The company is an equal opportunity employer and will consider all applications without regards to race, sex, age, color, religion, national origin, veteran status, disability, sexual orientation, gender identity, genetic information or any characteristic protected by law.



San Francisco Fair Chance Ordinance:

Pursuant to the San Francisco Fair Chance Ordinance, for all positions located in the city and county of San Francisco, we will consider for employment qualified applicants with arrest and conviction records.



Massachusetts Lie Detector:

It is unlawful in Massachusetts to require or administer a lie detector test as a condition of employment or continued employment. An employer who violates this law shall be subject to criminal penalties and civil liability.



Use of Artificial Intelligence (AI):

We may use Artificial Intelligence (AI) to support parts of our hiring process, including sourcing, screening, and evaluating candidates. AI helps assess applications and qualifications, but final decisions are made by our hiring team. By applying, you acknowledge and agree that your application may be reviewed using AI tools.","[{'title': 'Aerotek Jobs', 'link': 'https://jobs.aerotek.com/ca/fr/job/JP-006108819/Entry-Level-Machine-Operator?utm_campaign=google_jobs_apply&utm_source=google_jobs_apply&utm_medium=organic'}, {'title': 'BeBee', 'link': 'https://bebee.com/us/jobs/entry-level-machine-operator-aerotek-monument--techmap_us_144F7B6D07E44859811197024C8EF7D1?utm_campaign=google_jobs_apply&utm_source=google_jobs_apply&utm_medium=organic'}, {'title': 'Recruit.net', 'link': 'https://www.recruit.net/job/packager-machine-operator-jobs/7EF542F1B1CB3D9C?utm_campaign=google_jobs_apply&utm_source=google_jobs_apply&utm_medium=organic'}, {'title': 'WhatJobs', 'link': 'https://www.whatjobs.com/jobs/entry-level-packager-machine-operator/monument-colorado?id=2798073296&utm_campaign=google_jobs_apply&utm_source=google_jobs_apply&utm_medium=organic'}, {'title': 'Jooble', 'link': 'https://jooble.org/jdp/7429677045633161424?utm_campaign=google_jobs_apply&utm_source=google_jobs_apply&utm_medium=organic'}, {'title': 'Jobilize', 'link': 'https://www.jobilize.com/job/us-co-monument-entry-level-packager-machine-operator-aerotek-hiring?utm_campaign=google_jobs_apply&utm_source=google_jobs_apply&utm_medium=organic'}]",eyJqb2JfdGl0bGUiOiJFbnRyeS1MZXZlbCBNYWNoaW5lIE9wZXJhdG9yIiwiY29tcGFueV9uYW1lIjoiQWVyb3RlayIsImh0aWRvY2lkIjoiV242eUh1azNiY0Z2LXktbEFBQUFBQT09IiwidXVsZSI6IncrQ0FJUUlDSU5WVzVwZEdWa0lGTjBZWFJsY3ciLCJnbCI6InVzIiwiaGwiOiJlbiIsImZjIjoiRXN3QkNvd0JRVXBwVkRSMFN6QXRWR0ZsYWxGNlNtMWpRVmR5TWt0MFZFSlRTR0l0T1VjM2JXbHZSbE5rVm0xNE0zRm9RVVZDZFRSa1VsRmlRVmx0Wm14ZlpFaE5hbWxpUjJkSGFpMUdOMUV0TVVablNXMUxkbEJ6YlRKSVV6TmhXbFU1UW1STGMzbFdSMTlrU25JMVZHeDZjVGQxV204Mk1ITjRiRkJrWjA1SmVrTTNlWGRsZVdnNGNsQjBNVFI2ZVhNU0Yyc3lORGxoZEZOMlRuQmxTbkIwVVZCblNreDFaMEZGR2lKQlJITnlPV1pUTlZwMVozbHZhRmx2WDB0eVRUQkNSSGd3UlhKTmJucGtTMmRSIiwiZmN2IjoiMyIsImZjX2lkIjoiV242eUh1azNiY0Z2LXktbEFBQUFBQT09In0=,
Entry Level Chat Support Agent - Remote (No Experience),frontendnode-production.up.railway.app,Anywhere,Frontendnode-Production.up.railway.app - Railway,"https://www.google.com/search?ibp=htl;jobs&q=Entry+Level&htidocid=JJwiAcJJos20G6xXAAAAAA%3D%3D&hl=en-US&shem=epsd1,rimspwouoe&shndl=37&shmd=H4sIAAAAAAAA_xXNMWrDQBBGYdz6CK6mjANahYAJJFUwxmCCi4jUYrX6La1ZzQy7o0S-YM4Vp3nNV7z172p9PrDlG33gG4n2ozdqZlXJRu8D2KiiT0xioIez0GFR5AgO2N7hJB0V-BxGEqajyJCweRvNtLzWdSnJDcW8xeCCTLUwOlnqq3TlP20ZfYYmb2ifd0-LUx4eXy5Z2MA9S49Ks_RzsCjsZnXZx_Tjb86rUmT64mjoqbkPUP4A9wd6NckAAAA&shmds=v1_ARwrE21z_a_dvPbga6reruwmQZgtz6JcZt4Aqf4B0C1Yp2r9vw&source=sh/x/job/li/m1/1#fpstate=tldetail&htivrt=jobs&htiq=Entry+Level&htidocid=JJwiAcJJos20G6xXAAAAAA%3D%3D","['4 days ago', 'Work from home', 'Full-time', 'No degree mentioned']","{'posted_at': '4 days ago', 'work_from_home': True, 'schedule_type': 'Full-time', 'qualifications': 'No degree mentioned'}",https://frontendnode-production.up.railway.app/job/entry-level-chat-support-agent-remote-no-experience,Entry Level Chat Support Agent - Remote (No Experience),"Are you looking for an entry-level opportunity to kickstart your career in remote customer support? If so, we have an opening for a Remote Chat Support Agent on our Customer Support team.





Job Details:






Contract Length: There is no fixed term for this role, providing flexibility in your work arrangement.



Rate: $35 per hour.



Responsibilities: As a Remote Chat Support Agent, your main responsibility is to respond to live chat messages on a business s website or social media accounts. This includes addressing customer inquiries, providing sales links, and offering discounts. 



Requirements: To be eligible for this role, you must have a device (phone, tablet, or laptop) capable of accessing social media and website chat functions. You should be able to work independently, closely follow provided instructions, and have a reliable internet connection. While no prior experience is required, having a strong work ethic and a willingness to learn is essential.



Location: This is a remote work opportunity, allowing you to work online from any location. While applicants from all geographic locations are welcome, candidates based in the United States are preferred.




Training and Experience: This role is suitable for individuals seeking an entry-level position in customer support. Full training will be provided to ensure you are well-prepared to handle live chat interactions and support customers effectively.





Why Apply: Entry Level Remote Chat Support Agents are in high demand worldwide. This opportunity offers flexibility in terms of hours worked, allowing you to build your customer support skills and gain valuable experience in a remote work environment.





Don t miss this chance to embark on a rewarding career in customer support. Apply below to begin your journey as a Remote Chat Support Agent!



Apply!","[{'title': 'Frontendnode-Production.up.railway.app - Railway', 'link': 'https://frontendnode-production.up.railway.app/job/entry-level-chat-support-agent-remote-no-experience?utm_campaign=google_jobs_apply&utm_source=google_jobs_apply&utm_medium=organic'}, {'title': 'JobLeads', 'link': 'https://www.jobleads.com/us/job/remote-chat-support-agent-entry-level--new-york--ea4107894021003aef047dc17581b7857?utm_campaign=google_jobs_apply&utm_source=google_jobs_apply&utm_medium=organic'}, {'title': 'Remote Jobs | CareerMint', 'link': 'https://careermint.infinityfreeapp.com/remote-jobs/experienced-entry-level-chat-support-agent-remote-customer-support-specialist?utm_campaign=google_jobs_apply&utm_source=google_jobs_apply&utm_medium=organic'}, {'title': 'Workgrove.space', 'link': 'https://workgrove.space/job/experienced-entry-level-chat-support-agent-remote-customer-support-representative?utm_campaign=google_jobs_apply&utm_source=google_jobs_apply&utm_medium=organic'}, {'title': 'Remote Jobs USA', 'link': 'https://remotepositionshirings.com/job/1135574?utm_campaign=google_jobs_apply&utm_source=google_jobs_apply&utm_medium=organic'}, {'title': 'Digitalorbit', 'link': 'https://digitalorbit.my-board.org/job/experienced-entry-level-chat-support-agent-remote-customer-support-representative?utm_campaign=google_jobs_apply&utm_source=google_jobs_apply&utm_medium=organic'}, {'title': 'F.skillorbit.lovestoblog.com', 'link': 'https://f.skillorbit.lovestoblog.com/job/1118487?utm_campaign=google_jobs_apply&utm_source=google_jobs_apply&utm_medium=organic'}, {'title': 'MySmartPros', 'link': 'https://www.mysmartpros.com/remotepro/job/1135574?utm_campaign=google_jobs_apply&utm_source=google_jobs_apply&utm_medium=organic'}]",eyJqb2JfdGl0bGUiOiJFbnRyeSBMZXZlbCBDaGF0IFN1cHBvcnQgQWdlbnQgLSBSZW1vdGUgKE5vIEV4cGVyaWVuY2UpIiwiY29tcGFueV9uYW1lIjoiZnJvbnRlbmRub2RlLXByb2R1Y3Rpb24udXAucmFpbHdheS5hcHAiLCJodGlkb2NpZCI6IkpKd2lBY0pKb3MyMEc2eFhBQUFBQUE9PSIsInV1bGUiOiJ3K0NBSVFJQ0lOVlc1cGRHVmtJRk4wWVhSbGN3IiwiZ2wiOiJ1cyIsImhsIjoiZW4iLCJmYyI6IkVzd0JDb3dCUVVwcFZEUjBTMVJDVWxWSFNYZDBTV2d6U2kxamNUSTFlVkZETTFnM1ZFMXZOVUZXV0ZKWVJ6RlBkemh1VHpSRFdWbHlWMDlzTFY5T1owTXhNWEpNT1VRd1IxUlhUVEp2U0dKT1gxSlVhV1J0TmxJM1YxcERhRFI2VW1ORVpHRlNNRGRHUW1JMlEwMHlPVTlCY1c1RU5EZFdVSFZ1VFVkRlJXNDFTM2RYUWpOcGRXOVVUemRmVkZoeFZIUVNGMnN5TkRsaGRGTjJUbkJsU25CMFVWQm5Ta3gxWjBGRkdpSkJSSE55T1daUlJtbEpiSFJ1YlVScWFEaFFhRkZFTWtsMWFtTmFiRVJSUzNGQiIsImZjdiI6IjMiLCJmY19pZCI6IkpKd2lBY0pKb3MyMEc2eFhBQUFBQUE9PSJ9,
Entry-Level Test Engineer/Analyst,Torch Technologies,United States,Glassdoor,"https://www.google.com/search?ibp=htl;jobs&q=Entry+Level&htidocid=OKAJKQhOEmCBX_83AAAAAA%3D%3D&hl=en-US&shem=epsd1,rimspwouoe&shndl=37&shmd=H4sIAAAAAAAA_xXMsQrCMBCAYVz7CE4HbkITEQTRyaEI4madSxqPJBLvSu6Q9l18WNvlH_7hq36r6tiQlqm-4xcztCgKDYVEiMVeyOVpHjXcuAdBV3wEJrgyh4zrc1Qd5GStSDZB1GnyxvPHMmHPo31zL0s6ia7gkJ1itz_sRjNQ2G5aXrQWfSTOHBIKJIInJcUXPGYM5Q9uRiUQnwAAAA&shmds=v1_ARwrE21uwRBZV8YTx43P2JmgaZh6Hf3DQj3SifzwGSxOadCR7w&source=sh/x/job/li/m1/1#fpstate=tldetail&htivrt=jobs&htiq=Entry+Level&htidocid=OKAJKQhOEmCBX_83AAAAAA%3D%3D","['2 days ago', 'Full-time', 'Paid time off', 'Health insurance', 'Dental insurance']","{'posted_at': '2 days ago', 'schedule_type': 'Full-time'}","https://www.glassdoor.com/job-listing/entry-level-test-engineer-analyst-torch-technologies-JV_KO0,33_KE34,52.htm?jl=1010178736818",Entry-Level Test Engineer/Analyst,"Torch Technologies


Thank you for your interest in employment with Torch Technologies. We are a 100% employee-owned, Certified Great Place To Work and named Best Places to Work in Huntsville/Madison County, headquartered in Huntsville, AL. Our team provides superior research, development, and engineering services to the Federal Government and Department of War. As one of the nation’s top 100 defense companies, the services we provide directly support the men and women who serve our country. Our corporate mission sums up the pride our employee-owners take in the work we do: “Lighting the Pathway of Freedom”. And, as a Certified Evergreen ESOP, we have made the commitment to grow and sustain our company for the next 100 years! Come grow with us!




Torch Technologies is seeking a Test Engineer/Analyst to join a team providing test analysis, reporting, and data-driven assessment of the Missile Defense System (MDS). This position supports the Missile Defense Agency (MDA) Test Analysis and Reporting activity.




As a Test Engineer/Analyst, your duties will include the following, but are not limited to:


Analyze flight, ground, and simulation-based test data to assess Missile Defense System performance.


Support the entire test lifecycle, including pre-mission predictive analysis, real-time test support, and post-mission data evaluation.


Utilize existing and commercial off-the-shelf tools to process, analyze, and visualize complex data sets.


Develop and maintain data visualizations and dashboards to communicate test results and system performance.


Prepare and present test planning documentation, readiness briefings, and performance reports to customers and stakeholders.


Collaborate with engineers, analysts, and government personnel in a fast-paced team environment.


Identify trends, anomalies, and areas for improvement through data analysis and reporting.


Support customer objectives through effective technical communication and analytical problem-solving.


Required Qualifications:
U.S. Citizenship.


Bachelor's degree in Engineering, Physics, Mathematics, or another technical discipline.


0+ years of relevant experience in engineering, analysis, data analytics, testing, or a related technical field.


Ability to obtain and maintain a Secret DoD security clearance.


Foundational knowledge of SQL and Python.


Strong analytical, problem-solving, and communication skills.


Ability to work effectively in a collaborative, multi-tasking environment.


Preferred Qualifications:
Experience creating Tableau workbooks and data visualizations.


Familiarity with test and evaluation activities within a defense or aerospace environment.


Demonstrated leadership potential, initiative, and a strong desire to learn.


Experience presenting technical information to customers and stakeholders.




Schedule: M–F; 8:00 AM – 5:00 PM


Work Location: Onsite (Customer Site), Redstone Arsenal, Huntsville Alabama


Travel: Yes, 0–10%


Relocation Assistance Available: No


Position Contingent Upon Award of Contract: No




#LI-DK1





Benefits:





Torch Technologies is proud to offer a stable and professional work environment, a competitive salary, and an excellent, comprehensive benefit package including: ESOP participation, 401(k) match, medical, dental, vision, life insurance, short-term disability, long-term disability, flexible spending accounts, Health Saving Accounts and Health Reimbursement Accounts, EAP, education assistance, paid time off, and holidays.





Applying to Torch Technologies:





Only those candidates invited for an interview will be contacted. Employment at Torch Technologies is contingent upon the successful completion of a comprehensive background check.




All qualified applicants will receive consideration for employment without regard to race, color, religion, sex, sexual orientation, gender identity, national origin, age, genetic information, citizenship, ancestry, marital status, protected veteran status, disability status or any other status protected by federal, state, or local law. Torch Technologies, Inc. participates in E-Verify.





If you are a qualified individual with a disability or a disabled veteran, you have the right to request a reasonable accommodation if you are unable or limited in your ability to use or access Careers Link as a result of your disability. You can request reasonable accommodations by sending an email to HR@torchtechnologies.com. Thank you for your interest in Torch Technologies.","[{'title': 'Glassdoor', 'link': 'https://www.glassdoor.com/job-listing/entry-level-test-engineer-analyst-torch-technologies-JV_KO0,33_KE34,52.htm?jl=1010178736818&utm_campaign=google_jobs_apply&utm_source=google_jobs_apply&utm_medium=organic'}]",eyJqb2JfdGl0bGUiOiJFbnRyeS1MZXZlbCBUZXN0IEVuZ2luZWVyL0FuYWx5c3QiLCJjb21wYW55X25hbWUiOiJUb3JjaCBUZWNobm9sb2dpZXMiLCJodGlkb2NpZCI6Ik9LQUpLUWhPRW1DQlhfODNBQUFBQUE9PSIsInV1bGUiOiJ3K0NBSVFJQ0lOVlc1cGRHVmtJRk4wWVhSbGN3IiwiZ2wiOiJ1cyIsImhsIjoiZW4iLCJmYyI6IkVzd0JDb3dCUVVwcFZEUjBTVzlyTWpNd2JEaEdWR1pVUTJWVVJGbFNhaTE2Vm5aQlYybEhiMGhIYmtkT1owdDJSamMyVkdvdFNHdEphVzlCV1U5SmNHbGZNMVUwVDNwMFdtNUlRVWh3T1doVWJtMW5NV3BVWVcxSlYweFhabHBFY1ZKNU0yOVBSa0pTVm1FMlQwOW1SMnBqZDJwdVNVZDBjV3g0ZDBrNVNVSlNhMWgxY1MxRFkzQkVaMFJIVldsTGJETVNGMnN5TkRsaGRGTjJUbkJsU25CMFVWQm5Ta3gxWjBGRkdpSkJSSE55T1daVGJVdHZVSEZXYjBNM2JtUmlWRVUxT1hWdldITlVRa1l5Tm5WbiIsImZjdiI6IjMiLCJmY19pZCI6Ik9LQUpLUWhPRW1DQlhfODNBQUFBQUE9PSJ9,https://serpapi.com/searches/6a3d6e93f680d1a37c7c3860/images/7_AP7FSebTq_VLM9tZxMaYo9WOcBcoWKda4bVYE4jEc.jpeg
Entry-Level Remote Position | Flexible Schedule | Hiring Now,frontendnode-production.up.railway.app,Anywhere,Frontendnode-Production.up.railway.app - Railway,"https://www.google.com/search?ibp=htl;jobs&q=Entry+Level&htidocid=B-XtY0Wf6Tbk5xS3AAAAAA%3D%3D&hl=en-US&shem=epsd1,rimspwouoe&shndl=37&shmd=H4sIAAAAAAAA_xWOwWrCQBCG8eojeJqzkE0pFKGebUVKkQbPstmdJlM2M8vORCP4hr5U4-Xnu3x8__KxWDY7tnKrvvCCCX5wEEM4ipKRMNzhI-FEbUJoQo9xnOEOeyrEHXzLFSo4SAuKvoQeZuFTpEu42vZmWd_rWjW5Ts0bBRdkqIWxlan-k1afc9beF8zJG55f314ml7lbb36LsCFHlohVLhLH8HzjxuyKp3T1N-dzBmI4MRlGaOYA6j-dXrzrzgAAAA&shmds=v1_ARwrE20mJ7_5mw-9gFNaUpgCGxgf1tt_52kZO63FzpVw0itcPA&source=sh/x/job/li/m1/1#fpstate=tldetail&htivrt=jobs&htiq=Entry+Level&htidocid=B-XtY0Wf6Tbk5xS3AAAAAA%3D%3D","['4 days ago', 'Work from home', 'Full-time']","{'posted_at': '4 days ago', 'work_from_home': True, 'schedule_type': 'Full-time'}",https://frontendnode-production.up.railway.app/job/entry-level-remote-position-flexible-schedule-hiring-now,Entry-Level Remote Position | Flexible Schedule | Hiring Now,"Entry-Level Remote Position | Full/Part-Time | Hiring Now
We are currently hiring motivated and dependable individuals for an Entry-Level Remote Position with flexible full-time and part-time scheduling options available. This is an excellent opportunity for candidates seeking a professional work-from-home career with paid training, growth opportunities, and a supportive virtual environment.
As remote work continues to grow across industries, we are looking for individuals who are eager to build valuable career skills while enjoying the flexibility of working from home. No previous experience is required — we provide comprehensive training, mentorship, and ongoing support to help you succeed.
Position Overview
In this role, you will assist with customer communication, scheduling, account support, and administrative coordination while collaborating with team members remotely in a professional and team-oriented environment.
What We Offer
• 100% Remote / Work-From-Home Opportunity
• Full-Time & Part-Time Scheduling Flexibility
• Immediate Hiring Opportunities
• Training provided & Ongoing Mentorship
• Career Advancement Opportunities
• Supportive Virtual Team Environment
• Beginner-Friendly Position
Key Responsibilities
• Communicate professionally with customers and team members
• Assist with scheduling appointments and follow-up tasks
• Provide customer and account support through phone, email, and virtual platforms
• Maintain accurate records and update information as needed
• Participate in virtual meetings and online training sessions
• Support daily remote operations and team goals
Qualifications
• Strong communication and organizational skills
• Basic computer and internet proficiency
• Ability to work independently and stay organized remotely
• Positive attitude and willingness to learn
• Customer service or administrative experience is a plus, but not required
This opportunity is ideal for individuals looking to start or grow a remote career in a flexible and growth-focused environment. If you are ready to develop professional skills, work remotely, and grow with a supportive team, apply today.

Apply To This Job","[{'title': 'Frontendnode-Production.up.railway.app - Railway', 'link': 'https://frontendnode-production.up.railway.app/job/entry-level-remote-position-flexible-schedule-hiring-now?utm_campaign=google_jobs_apply&utm_source=google_jobs_apply&utm_medium=organic'}, {'title': 'Jooble', 'link': 'https://jooble.org/jdp/1408276168318423999?utm_campaign=google_jobs_apply&utm_source=google_jobs_apply&utm_medium=organic'}, {'title': 'Monster', 'link': 'https://www.monster.com/job-openings/entry-level-remote-sales-associate-training-provided-hiring-now--152446df-7775-4e69-be23-0d946acac67a?utm_campaign=google_jobs_apply&utm_source=google_jobs_apply&utm_medium=organic'}, {'title': 'BeBee', 'link': 'https://bebee.com/us/jobs/virtual-entry-level-position-immediate-hiring-apply-now-globe-life-ao-oberlin--fj-2180690055?utm_campaign=google_jobs_apply&utm_source=google_jobs_apply&utm_medium=organic'}, {'title': 'CareerBuilder', 'link': 'https://www.careerbuilder.com/job-details/-virtual-entry-level-position-immediate-hiring-apply-now--a6343c9e-9a50-4ca9-adfd-733e1cfb162d?utm_campaign=google_jobs_apply&utm_source=google_jobs_apply&utm_medium=organic'}, {'title': 'JobTarget', 'link': 'https://www.jobtarget.com/jobs/jt-ehtn8eykgb/work-from-home-entry-level-position-or-training-provided-or-hiring?utm_campaign=google_jobs_apply&utm_source=google_jobs_apply&utm_medium=organic'}, {'title': 'Adzuna', 'link': 'https://www.adzuna.com/details/5765098996?utm_campaign=google_jobs_apply&utm_source=google_jobs_apply&utm_medium=organic'}, {'title': 'Remotiva', 'link': 'https://remotiva.42web.io/remote-jobs/virtual-entry-level-position-immediate-hiring-apply-now-3?utm_campaign=google_jobs_apply&utm_source=google_jobs_apply&utm_medium=organic'}]",eyJqb2JfdGl0bGUiOiJFbnRyeS1MZXZlbCBSZW1vdGUgUG9zaXRpb24gfCBGbGV4aWJsZSBTY2hlZHVsZSB8IEhpcmluZyBOb3ciLCJjb21wYW55X25hbWUiOiJmcm9udGVuZG5vZGUtcHJvZHVjdGlvbi51cC5yYWlsd2F5LmFwcCIsImh0aWRvY2lkIjoiQi1YdFkwV2Y2VGJrNXhTM0FBQUFBQT09IiwidXVsZSI6IncrQ0FJUUlDSU5WVzVwZEdWa0lGTjBZWFJsY3ciLCJnbCI6InVzIiwiaGwiOiJlbiIsImZjIjoiRXN3QkNvd0JRVXBwVkRSMFNVSlRUMXBIU1dsclpERlhhbk41TFdkNE1IQTVNRVV4WVV0eFUwUmtNelp0TVhkWE4yZzVTemhEVkROMFFXcFlUVE0xY0V4MVptSlVUelJMY1dKNFdHVjZkVmxQY1U5WFZtSmhaRk5yYWs0NVJUbEpkbkJQVkZwdGVFRkZNVTlJY1RkWlNXVjRZMUZRUkhGbFNHZDNaVUp6YW1aTFRtMU5ZMFkxVVdoTmQzbHBjVWxzV25ZU0Yyc3lORGxoZEZOMlRuQmxTbkIwVVZCblNreDFaMEZGR2lKQlJITnlPV1pVY0ZKcE4yczJhVTgzWTNneVpUQXlSMEpUZVZoeWVYYzRORVpCIiwiZmN2IjoiMyIsImZjX2lkIjoiQi1YdFkwV2Y2VGJrNXhTM0FBQUFBQT09In0=,
Detention Deputy - Entry Level,County of Weld,United States,Workday,"https://www.google.com/search?ibp=htl;jobs&q=Entry+Level&htidocid=cNYJhx4RHK98pCG7AAAAAA%3D%3D&hl=en-US&shem=epsd1,rimspwouoe&shndl=37&shmd=H4sIAAAAAAAA_xWNMQrCQBBFsc0RbJxaMCtCGi2NCGInYhl2N2Oyss4smYkkB_G-rs2HB4_3i--iqGpUJA1MUGMadYYNnEiHGa74wZjpwg4E7eB7yNKZuYu4PPSqSfbGiMSyE7UafOn5bZjQ8WRe7OQ_jfR2wBStYrOrtlOZqFuvjjxSfuInPDC2EAjuFBRbuOUQyg_Tvbw1mAAAAA&shmds=v1_ARwrE20ZTr_2x0s30jvGzJF1xhZK98z3RsHDEQoU7-i1edd3XQ&source=sh/x/job/li/m1/1#fpstate=tldetail&htivrt=jobs&htiq=Entry+Level&htidocid=cNYJhx4RHK98pCG7AAAAAA%3D%3D","['Full-time', 'No degree mentioned', 'Paid time off', 'Health insurance', 'Dental insurance']","{'schedule_type': 'Full-time', 'qualifications': 'No degree mentioned'}",https://weldgov.wd5.myworkdayjobs.com/en-US/WeldCountyCareers/job/Detention-Deputy---Entry-Level_JR100596,Detention Deputy - Entry Level,"Compensation Range $37.73 - $52.75 -- Job Description Summary If you are interested in Law Enforcement and looking for an opportunity to start from the ground up and grow a career with Weld County Sheriff's Office, we have the beginning of an amazing career waiting for you! Our Mission The Weld County Jail will accept and lawfully hold prisoners in a safe, humane, wholesome environment that returns people to the community better, or no worse, than they arrived. The Weld County Sheriff’s Office offers multiple additional assignments to include: Detective/Investigations Drug Task Force Canine Team (K9) SWAT Team (Special Weapons and Tactics) STRIKE Team (High Impact Task Force) FET (Field Evidence Technician/Crime Scene Investigation) FTO (Field Training Officer) Drone Pilot Honor Guard Bomb Squad Courts Unit The Weld County Sheriff’s Office sponsors up to 10 employees per year to attend a P.O.S.T. (Peace Officers Standards and Training) academy. This academy certifies our employees to advance their career in law enforcement to be a deputy sheriff or police officer on the street. Start your career in law enforcement with the best at Weld County! A Detention Deputy relies heavily upon interpersonal communication skills, physical techniques and tactics, and writing skills to safely, effectively, and efficiently manage jail operations. Jail operations include performing activities necessary to maintain the health, safety, security, and welfare of jail staff and incarcerated individuals (inmates). All shift assignments are on a yearly bid basis and we maintain jail functions 24 hours a day, 7 days a week. -- Job Description The following are the steps for the hiring process: Step 1: Online assessment through the National Testing Network (NTN). Be sure you select Corrections (for the Detentions position) and Law Enforcement (for the Patrol position). You have the option to take the test from your home computer or select a test site. If you have taken the NTN assessment in the past year for another agency, you may have it moved to Weld County. Link: https://nationaltestingnetwork.com/publicsafetyjobs/ Step 2: PAT (Physical Abilities Test). Please select a date to take the test using the link below. https://www.signupgenius.com/go/10C0944ACAE23A4FACE9-54551609-physical#/ The course is located outside, on the South side of the Weld Food Bank. 1104 H Street (near this location - NOT in the building) Greeley, CO 80631 Please wear workout attire. Step 3: Background Check The deputy will give you a background packet at the PAT OR you may pick one up at one of two locations (HR 1150 O street OR Sheriff’s Office Administration Building 1950 O st). Instructions and the hiring steps are included in the packet. Step 4: Polygraph - scheduled by the polygraph examiner. Step 5: Drug Screen scheduled by a Sheriff's Office Employee. Step 6: Physical fitness examination - scheduled by a Sheriff's Office Employee. Step 7: Psychological Exam -scheduled by the polygraph examiner. Step 8: Hired. Continuously ensures safety and security of inmates, staff, visitors, and the public; facilitates and protects the Constitutional rights of all persons, including, but not limited to; access to medical and dental care, law library, religious activities, legal representation, and due process. Directly, and indirectly, supervises inmate activities within housing units. Observe inmates and maintain alertness to detect, deter, or prevent self-destructive or criminal behaviors including, but not limited to; suicide, escape, assault, theft, escape, criminal mischief, extortion, ethnic intimidation and introduction of contraband. Observe inmates to detect and refer medical conditions to professional medical personnel and facilitate medical treatment; or identify crisis counseling situations and make referrals to professional counseling staff for inmate safety and security. Documents inmate behavior, housing unit activity, unusual conditions and/or events to maintain accurate records of inmate behavior and housing unit activity. Conducts regular inspections, and requests repairs or maintenance to the facility or equipment, when needed. Collects and properly distributes mail, inmate complaint forms, inmate supplies and laundry, meals and written in-house communication; and properly accepts documents, packages, money, and safely stores inmate property. Ensures verbal and written directives, policy, and ordinances, of Weld County and the Sheriff, are consistently and uniformly applied, and that actual practices reflect these applications. Provides basic intervention and applies conflict resolution strategies, to effectively control inmate behaviors and maintain order within the Weld County Jail. Consistently and effectively enforces jail rules regulating inmate conduct through verbal counseling or accurate preparation of an infraction report to document a written warning, lockdown, or disciplinary request. Works effectively in groups of peers and other employees; facilitates smooth transition of shifts through briefings, verbal, or written communication; provides support to Deputies assigned in housing units. Works rotating shifts to meet deployment needs, which vary at times. Conducts face and head counts, and reports results, to maintain the effective control of inmates; accurately confirms identity of inmates from booking photographs and name rosters to facilitate distribution of meals, commissary orders, and authorized inmate entry and exit from housing units. Conducts strip, person, cell and area searches, to maintain effective control of inmates. Escorts inmates from one location to another to provide for required inmate activities. Executes emergency response and tactical plans, to maintain safety and security within the Weld County Jail for events including, but not limited to; hostage situations, natural disasters, fire, riot, requests for assistance, and electrical power failure. Effectively applies physical control techniques and restraint devices according to procedure, whenever necessary, to maintain inmate control and order. Allows only authorized entry and exit of secure jail perimeter and areas within the jail facility, and determines lawful authority to accept or release an inmate from the jail to maintain safety, security, and order within the Weld County Jail; obtains legible photograph and classifiable ten-prints of prisoners accepted for booking to accurately identify inmates. -- Required Qualifications No experience required. High school diploma or GED required. Must be 18 years of age or older. Must be in possession of, or ability to obtain upon hire, a valid Driver's License. Shift work required - 24 hours a day, 7 days a week. Shifts require working days, nights, weekends and holidays. Ability to communicate effectively in verbal and written English, and to read and interpret documents such as safety rules, procedure, and operating manuals. Ability to write routine reports and correspondence. Ability to speak effectively before groups of the general public or employees of organizations. Basic math skills, including addition, subtraction, multiplication, and division using whole numbers, fractions, and decimals. Ability to solve practical problems and deal with a variety of variables, in situations where only limited standardization exists. Ability to interpret a variety of instructions furnished in written, oral, diagram, or schedule form. Ability to operate telephones; computer terminal, keyboard, photocopier, and scanning instrumentation; self-contained breathing apparatus and gas mask; two-way radios; and law enforcement-related equipment, such as restraints and handcuffs. Tattoos: 1. Tattoos may be displayed while on duty or representing the agency unless considered controversial, disrespectful, or offensive. 2. Tattoos, scarifications, and brandings on the face, or front of the neck, are not authorized. • Modest hand tattoos are allowed, at the discretion of the Sheriff or designee. • Modest neck tattoos not extending onto the front of the neck, beyond the carotid arteries, are allowed at the discretion of the Sheriff or designee. Piercings: 1. Modest piercing are allowed. 2. Nostril is okay; septum, bridge, nasal Lang & rhino piercings are not allowed. 3. No more than one piercing is allowed to be displayed. • Unusually large or obtrusive piercings are not allowed. • Ring thickness of 18 gauge (1mm) or smaller and a ring diameter of 10mm or smaller is allowed. • A stud size of 2mm or smaller is allowed. 3. Ear piercings • Sworn personnel, only females are allowed to wear one pair of post style earrings, one in each lobe, while on duty. PHYSICAL REQUIREMENTS: The physical demands described here are representative of those that must be met by an employee to successfully perform the essential functions of this job. Reasonable accommodations may be made to enable individuals with disabilities to perform the essential functions. Deputies must have full mobility and use of both arms and legs, and a full range of motion, to reach over their heads, reach below their knees, bend over or squat down, and to perform self-defense techniques taught by the Sheriff’s Office. They are required to move quickly, climb stairs, and ladders, and be able to run to assist other officers when there is a call for assistance. They must have the ability to stand and/or sit for long periods of time. The Deputy must occasionally lift and/or move more than 100 pounds and display enough strength to remove an average human being from a hazardous area, assist in lifting inmates from floor level to bed level, or to overcome and restrain a combative or resistive subject of average ability. Deputies must be able to meet the fitness standards, as prescribed by the Sheriff’s Office. Dual hearing is required. Detention Deputies are required to listen to multiple audio inputs simultaneously, such as portable radio conversations, conversations with inmates or other sources, noise within the housing units, alarms, etc. Specific vision abilities, and/or corrected vision abilities, are required, including dual vision, close vision, distance vision, peripheral vision, depth perception, and the ability to adjust focus. WORK ENVIRONMENT: The jail contains 383,754 square feet (8.8 acres) of floor space, within a structure consisting of four wings of either two or three levels, connected by hallways, stairs, and elevators. Jail duties are predominantly conducted indoors, but occasionally a deputy is required to go outside to conduct security checks of the perimeter and roof. All posts require frequent walking on concrete floors. The noise level in the work environment is usually moderate. This position is non-exempt from the minimum wage and overtime requirements of the Fair Labor Standards Act. As an applicant for this position, you should be aware of Senate Bill 19-085, the Equal Pay for Equal Work Act. -- Use the link below to get a closer look at the generous benefits offered: https://www.weld.gov/Government/County-Information/Join-Our-Team/Employee-Benefits -- Weld County is an equal employment opportunity employer. We ensure that all employment practices are conducted without regard to race, color, religion, sex, national origin, age, disability status, marital status, sexual orientation, gender identity or expression, genetic information, protected veteran status or any other protected status in accordance with federal, state, and local laws. Weld County pledges to uphold a work environment free from discrimination and harassment, promoting fairness and dignity for all employees. We actively take affirmative action to comply with nondiscrimination policies and invite qualified individuals in need of reasonable accommodations to contact our Human Resources Department at humanresources@weld.gov or (970) 400-4234. So many elements of Weld County make us an employer of choice. Community support and impact, a place to make a difference, team unity, career growth and development, being valued, empowerment and so much more is what you will discover as an employee of Weld County. We invite you to explore joining Team Weld, a winning team! The benefits of working for Weld County extend far beyond simply earning a paycheck. There's something for everyone here at Weld County - active and healthy living opportunities, a variety of medical plans to choose from, retirement options and plenty of paid time off to spend with family and friends. We’re excited to have you consider a career with Weld County Government! We offer generous benefits for full-time, regular employees (30+ hours/week) and part time (20-29 hours/week) which include but not limited to: Health, Dental and Vision Employer Contributed HSA Medical Clinic Paid Holidays Paid Vacation Paid Sick Leave Wellness Program County Retirement PERA (Health Department only) 457 Retirement Plan 401(k) Retirement Plan Training & Development Tuition Stipend And more! Use the link below to get a closer look at the benefits offered: https://www.weld.gov/Government/County-Information/Join-Our-Team/Employee-Benefits","[{'title': 'Workday', 'link': 'https://weldgov.wd5.myworkdayjobs.com/en-US/WeldCountyCareers/job/Detention-Deputy---Entry-Level_JR100596?utm_campaign=google_jobs_apply&utm_source=google_jobs_apply&utm_medium=organic'}, {'title': 'LinkedIn', 'link': 'https://www.linkedin.com/jobs/view/corrections-deputy-entry-level-at-pierce-county-4346930826?utm_campaign=google_jobs_apply&utm_source=google_jobs_apply&utm_medium=organic'}, {'title': 'Indeed', 'link': 'https://www.indeed.com/viewjob?jk=6e046437a021d1c1&utm_campaign=google_jobs_apply&utm_source=google_jobs_apply&utm_medium=organic'}, {'title': 'Glassdoor', 'link': 'https://www.glassdoor.com/job-listing/entry-level-patrol-deputy-island-county-washington-JV_KO0,25_KE26,50.htm?jl=1006282580380&utm_campaign=google_jobs_apply&utm_source=google_jobs_apply&utm_medium=organic'}, {'title': 'Career.io', 'link': 'https://career.io/job/exceptional-entry-level-deputy-sheriff-yakima-county-07a44d2cd65d1a9b7572fbfc7fb81091?utm_campaign=google_jobs_apply&utm_source=google_jobs_apply&utm_medium=organic'}, {'title': 'Monster', 'link': 'https://www.monster.com/job-openings/exceptional-entry-level-deputy-sheriff--ee85111d-ec30-4eae-97ca-a0ada24e8f33?utm_campaign=google_jobs_apply&utm_source=google_jobs_apply&utm_medium=organic'}, {'title': 'BeBee', 'link': 'https://bebee.com/us/jobs/exceptional-entry-level-deputy-sheriff-king-county-sheriffs-office-king-county-wa--theirstack-693634108?utm_campaign=google_jobs_apply&utm_source=google_jobs_apply&utm_medium=organic'}, {'title': 'Diversity Connect', 'link': 'https://www.diversityconnect.com/job/corrections-deputy-entry-level-and-lateral-778599?utm_campaign=google_jobs_apply&utm_source=google_jobs_apply&utm_medium=organic'}]",eyJqb2JfdGl0bGUiOiJEZXRlbnRpb24gRGVwdXR5IC0gRW50cnkgTGV2ZWwiLCJjb21wYW55X25hbWUiOiJDb3VudHkgb2YgV2VsZCIsImh0aWRvY2lkIjoiY05ZSmh4NFJISzk4cENHN0FBQUFBQT09IiwidXVsZSI6IncrQ0FJUUlDSU5WVzVwZEdWa0lGTjBZWFJsY3ciLCJnbCI6InVzIiwiaGwiOiJlbiIsImZjIjoiRXN3QkNvd0JRVXBwVkRSMFNqUkthM1ZMYmpOSWJqbEZVRFZzT0daM09VWjVjWFk1WW0xRFIyOVZhR3hVUjE4NVZHSmhTbVpMVUd0d1VHVTJSblZOTlZodVFXZE5MWGhSZVVOZmVTMVRkVkYxVWpGMmJFTXdjbXBTVms5VU5VTk1hV05JTjNRdE9WcGlWM1puYmpWMVZIUk1UbTlvVjJSVGQxWkhVMGRNUkZWcVdta3hhek5JTlMxWE9VZHFVRTVZYlVVU0Yyc3lORGxoZEZOMlRuQmxTbkIwVVZCblNreDFaMEZGR2lKQlJITnlPV1pVVEZBNFJGUnlNV3RYVW5FeGExTmZabVJIYVVFMlZVWm9PVUZSIiwiZmN2IjoiMyIsImZjX2lkIjoiY05ZSmh4NFJISzk4cENHN0FBQUFBQT09In0=,
Front End Entry Level,Albertsons,"Pueblo, CO",Indeed,"https://www.google.com/search?ibp=htl;jobs&q=Entry+Level&htidocid=CbIK2sEP0T-lUKAsAAAAAA%3D%3D&hl=en-US&shem=epsd1,rimspwouoe&shndl=37&shmd=H4sIAAAAAAAA_xXEQQrCMBAAQLz2BeJpz1ITEbzoqYgKIugPShKXpBJ3Q3aV-gD_rR5mms-kaQ-VSWFPtx-tbzjjCzMs4MQeBF0NCZjgyBwzzrZJtcjGWpFsoqjTIZjAD8uEnkd7Zy__ekmuYslOsV-tl6MpFOfTLnusKkwCA8H1iT5zC7vLF4_drjOIAAAA&shmds=v1_ARwrE226Ut3BJxbwQwT-dbp_r0s2a4oHztgfFsxeKAUF1z-l7Q&source=sh/x/job/li/m1/1#fpstate=tldetail&htivrt=jobs&htiq=Entry+Level&htidocid=CbIK2sEP0T-lUKAsAAAAAA%3D%3D","['6 days ago', '17.50–25.61 an hour', 'Part-time', 'No degree mentioned', 'Health insurance', 'Paid time off', 'Dental insurance']","{'posted_at': '6 days ago', 'salary': '17.50–25.61 an hour', 'schedule_type': 'Part-time', 'qualifications': 'No degree mentioned'}",https://www.indeed.com/viewjob?jk=04a074309ce64c09,Front End Entry Level,"A Day in the Life:


 When you begin your job with us working on the front-end as a courtesy clerk, customer service associate, or cashier, you are taking a step towards an opportunity that can help you learn, grow, and even develop a long-lasting career! We know you're choosing to invest your time with us, and we are committed to doing the same for you through on-the-job and online learning opportunities! Whether you are here for your first job or your last, from groceries to health needs, you guide, inspire, and make all customers' visit memorable. We build belonging by creating a diverse and inclusive workforce so, if you have smiles to share, we'd love to have you on our team.


 

 


  What you bring to the table:


 
  You take pride in the work you do, whether big or small.
  You believe that food is central to all our lives.
  Helping customers and fellow associates gives you energy.
  Smiling and making others smile is your favorite.
  You are eager, willing, and wanting to learn & grow.
  You believe that being a part of your community matters.
 
 Why you will choose us: 


 Albertsons Companies Inc. has always been a people-oriented business, and thoughtful people practices remain a core element of our company’s philosophy. Our goal is to continue to bring people together around the joys of food and to inspire well-being and that starts with people like you bringing your unique self to our company and making it one person stronger and better!


 We also provide a variety of benefits including:


 
  Diverse & Inclusive Work Culture
  Competitive Wages Paid Weekly
  Access to up to 50% of your earned wages before payday, via our partnership with Stream
  Flexible work schedules
  Associate discounts
  Leaders invested in your training, career growth & development.
  Health and welfare benefits for eligible employees (Medical, Dental, 401k and more!)
  Vacation / Paid Time Off
 
 Our Values


 
  We put people first.
  We are customer driven.
  We value different perspectives.
  We raise the bar.
  We act as owners.
  We are one team.
  We build belonging.
  We are committed to a healthy future.
 
 


 


 
  
   
    
     
      
       
        
         
          
           
            
             
              
               
                
                 
                  
                   
                    
                     Pay Transparency:


                     

                    
                    
                    

                    
                     Starting rates will be no less than the local minimum wage and may vary based on things like location, experience, qualifications, and the terms of any applicable collective bargaining agreement. Candidates with unique qualifications may be considered for compensation above this range. Dependent on length of service, hours worked, any applicable collective bargaining agreement and/or Company policy, benefits may include medical, dental, vision, disability and life insurance, sick pay, PTO/Vacation pay, paid holidays and retirement benefits (pension and/or 401(k) eligibility). This is an entry level position with advancement opportunity. Applications are accepted on an on-going basis.
                    
                   
                  
                 
                
               
              
             
            
           
          
         
        
       
      
     
    
   
  
 
 
  Albertsons Companies is at the forefront of the revolution in retail. Committed to innovation and fostering a culture of belonging, our team is united with a unique purpose: to bring people together around the joys of food and to inspire well-being. We want talented individuals to be part of this journey!


  Locally great and nationally strong, Albertsons Companies (NYSE: ACI) is a leading food and drug retailer in the U.S. We operate over 2,200 stores, 1,732 pharmacies, 405 fuel centers, 22 distribution facilities, and 19 manufacturing plants across 34 states and the District of Columbia. Our well-known banners include Albertsons, Safeway, Vons, Jewel-Osco, ACME, Shaw’s, Tom Thumb, United Supermarkets, United Express, Randalls, Albertson’s Market, Pavilions, Star Markets, Market Street, Carrs, Haggen, Lucky, Amigos, Andronico’s Community Markets, King’s, Balducci’s, and Albertson’s Market Street.


  Our vision is to be a retail leader admired for national strength with deep local roots, offering an easy, fun, friendly, and inspiring experience, no matter how customers choose to shop with us. We celebrate the rich diversity of the communities we serve, and strive to create a workplace where everyone has equal access to opportunities and resources, and can fully contribute to their and our company’s success.


  Bring your flavor


  
   Building the future of food and well-being starts with you. Join our team and bring your best self to the table.
  
  

  


  Disclaimer


  The above statements are intended to describe the general nature of work performed by the employees assigned to this job and are not the official job description for the position. All employees must comply with Company, Division, and Store policies and applicable laws. The responsibilities, duties, and skills of personnel may vary within store and/or from store to store and the official job description will be provided during the application process.


  Albertsons is an Equal Opportunity Employer


  This Company is an Equal Opportunity Employer, and does not discriminate on the basis of race, gender, ethnicity, religion, national origin, age, disability, veteran status, gender identity/expression, sexual orientation, or on any other basis prohibited by law. Consistent with applicable state and local law, the Company will consider for employment qualified applicants with arrest and conviction records.


  


  We endeavor to make this site accessible to any and all users. If you would like to contact us regarding the accessibility of our website or need assistance completing the application process, please contact us at 1-888-255-2269(option #4).","[{'title': 'Indeed', 'link': 'https://www.indeed.com/viewjob?jk=04a074309ce64c09&utm_campaign=google_jobs_apply&utm_source=google_jobs_apply&utm_medium=organic'}, {'title': 'LinkedIn', 'link': 'https://www.linkedin.com/jobs/view/front-end-entry-level-at-albertsons-companies-4431158856?utm_campaign=google_jobs_apply&utm_source=google_jobs_apply&utm_medium=organic'}, {'title': 'ZipRecruiter', 'link': 'https://www.ziprecruiter.com/c/Albertsons/Job/Front-End-Entry-Level/-in-Pueblo,CO?jid=9a52223ea5b44504&utm_campaign=google_jobs_apply&utm_source=google_jobs_apply&utm_medium=organic'}, {'title': 'Monster', 'link': 'https://www.monster.com/job-openings/front-end-entry-level-pueblo-co--d838c876-2426-4b25-8b14-d85a55b5ba07?utm_campaign=google_jobs_apply&utm_source=google_jobs_apply&utm_medium=organic'}, {'title': 'Glassdoor', 'link': 'https://www.glassdoor.com/job-listing/front-end-entry-level-albertsons-companies-JV_IC1148308_KO0,21_KE22,42.htm?jl=1010174173654&utm_campaign=google_jobs_apply&utm_source=google_jobs_apply&utm_medium=organic'}, {'title': 'SimplyHired', 'link': 'https://www.simplyhired.com/job/qEhta0S75E80B0d31kQoNWs0gMFUG_oli--kzO_gcb2fxw1co_R7PQ?jobCardTrackingKey=5-cmh1-0-1jrlrd90rgd2i800-3fb83196da8846a9&xkcb=SoBF67M3i1-6-GSPk50IbzkdCdPP&utm_campaign=google_jobs_apply&utm_source=google_jobs_apply&utm_medium=organic'}, {'title': 'JobLeads', 'link': 'https://www.jobleads.com/us/job/front-end-entry-level--pueblo--eee84cc8a8f6c062f9f0239d69b578b2c?utm_campaign=google_jobs_apply&utm_source=google_jobs_apply&utm_medium=organic'}, {'title': 'Bandana.com', 'link': 'https://bandana.com/jobs/6e624c6a-c976-4db6-bc2b-da9f192f3cb9?utm_campaign=google_jobs_apply&utm_source=google_jobs_apply&utm_medium=organic'}]",eyJqb2JfdGl0bGUiOiJGcm9udCBFbmQgRW50cnkgTGV2ZWwiLCJjb21wYW55X25hbWUiOiJBbGJlcnRzb25zIiwiaHRpZG9jaWQiOiJDYklLMnNFUDBULWxVS0FzQUFBQUFBPT0iLCJ1dWxlIjoidytDQUlRSUNJTlZXNXBkR1ZrSUZOMFlYUmxjdyIsImdsIjoidXMiLCJobCI6ImVuIiwiZmMiOiJFc3dCQ293QlFVcHBWRFIwVERFd1FqZ3hhV2RUT0UwMlIwazRNbTlSVFVScVJUVXpiRnB4UVZWQlZIZHBkMnRHYTNBd1NWazVRVEZLU1d4MGRFVTVSa1ZGZDFkS2NUUllXazlqYzBnMk1XSk5NWEV6V1VaUVMwNHRXVGMwTmtzemFGOTJRblY2VEZWNWVsVlRkV3BLYjFNNWQxZG1NVWRZTVROaWVtUnhjSHBmYmxaV1VrVkNPV1pFYW5ObU9EUk1PRzRTRjJzeU5EbGhkRk4yVG5CbFNuQjBVVkJuU2t4MVowRkZHaUpCUkhOeU9XWlRhQzB5YVY5NE1HdEpVWEpCWlZaSE1qUkxUR3RsYVZSa01UUm4iLCJmY3YiOiIzIiwiZmNfaWQiOiJDYklLMnNFUDBULWxVS0FzQUFBQUFBPT0ifQ==,https://serpapi.com/searches/6a3d6e93f680d1a37c7c3860/images/UTr3EMtyLsiY7WMYoWpPKSwhO_RRH785rjZdLt30TMI.jpeg
Entry-Level IT Helpdesk Support Specialist,New Mexico Professional Group,"Upper Fruitland, NM",New Mexico Professional Group,"https://www.google.com/search?ibp=htl;jobs&q=Entry+Level&htidocid=CMoEjdsQQLggeWhQAAAAAA%3D%3D&hl=en-US&shem=epsd1,rimspwouoe&shndl=37&shmd=H4sIAAAAAAAA_xXEwQ7BQBAA0Lj6BKc5C60IF04OFKGRlLNst6Nd1s5kZ0r9mO8T7_D6315_tQ4aP-MDvtDD7gxb9FyhPKBomSkqFIzWGe9EYQx7KkHQRNsABciIao-DZaPKskhTEZ_UokadTSw9UwpYUpfeqZR_V2lMRPZG8TqdT7qEQz2c5fiGI3bOEpwi3VDEUTAeskgtgwtwYcYIm9g69SZUI8iPP2NyySa5AAAA&shmds=v1_ARwrE22YRP0_KodBguaLnR9sG-Cf2LgH9VP7rDq6iu_bmMtYlw&source=sh/x/job/li/m1/1#fpstate=tldetail&htivrt=jobs&htiq=Entry+Level&htidocid=CMoEjdsQQLggeWhQAAAAAA%3D%3D","['4 days ago', 'Full-time', 'No degree mentioned']","{'posted_at': '4 days ago', 'schedule_type': 'Full-time', 'qualifications': 'No degree mentioned'}",https://newmexicoprofessionalgroup.com/careers/entry-level-it-helpdesk-support-specialist-upper-fruitland/,Entry-Level IT Helpdesk Support Specialist,"Our client, a well-known company located in Upper Fruitland, is now hiring Computer Support Assistants! The Computer Support Assistants are an important part of the Help Desk team, which is the primary hub of technical assistance and support related to computer systems, hardware, and software. As a Computer Support Assistant, you will be responsible for supporting the Help Desk Support Specialists. Duties include answering users' questions, training users on basic system and computer functions, addressing system and user issues, and resolving issues in a timely and professional manner. The Help Desk team works with the entire IT team, and may interact with system and computer users across the company.","[{'title': 'New Mexico Professional Group', 'link': 'https://newmexicoprofessionalgroup.com/careers/entry-level-it-helpdesk-support-specialist-upper-fruitland/?utm_campaign=google_jobs_apply&utm_source=google_jobs_apply&utm_medium=organic'}]",eyJqb2JfdGl0bGUiOiJFbnRyeS1MZXZlbCBJVCBIZWxwZGVzayBTdXBwb3J0IFNwZWNpYWxpc3QiLCJjb21wYW55X25hbWUiOiJOZXcgTWV4aWNvIFByb2Zlc3Npb25hbCBHcm91cCIsImh0aWRvY2lkIjoiQ01vRWpkc1FRTGdnZVdoUUFBQUFBQT09IiwidXVsZSI6IncrQ0FJUUlDSU5WVzVwZEdWa0lGTjBZWFJsY3ciLCJnbCI6InVzIiwiaGwiOiJlbiIsImZjIjoiRXN3QkNvd0JRVXBwVkRSMFRFcDBiRzVPUm5oRVNVTkJUM013VWpkelJrSlNPR05NZWtFME5uUXhSWFpITlhkSldtUk5jMGxyZDE5VVRVZDJNbFpQZEZobE1teEZha1pCWnpnd1ZVVTNVMkV4ZGtsNWNXUnBWWEEwVFMxdU1EUklTbEF5ZWxGVFZqVmlhRWhRTm5aeFpUZHhaM1pXTUdFemJURTNWbXREYTJ0QmNGWmxaMWQzUzNKWFNEWnJkakpwWjJzU0Yyc3lORGxoZEZOMlRuQmxTbkIwVVZCblNreDFaMEZGR2lKQlJITnlPV1pVVTA4MlpHZGFTbmRZYkU1VlVFNU1iak16VFVOWU0xQm5PRUpCIiwiZmN2IjoiMyIsImZjX2lkIjoiQ01vRWpkc1FRTGdnZVdoUUFBQUFBQT09In0=,
